"survey_period","site","mean_recruits_m2","se_recruits_m2","mean_small_recruits_m2","n_quadrats"
"Jul_2025","Richard Bennett",0,0,0,162
"Jul_2025","Roka",0.00617283950617282,0.00617283950617284,0,162
"Jul_2025","Turtle Reef",0.0308641975308642,0.0203919110559438,0.0185185185185185,162
"Jul_2025","Watamu Coral Garden",0,0,0,162
"Jul_2025","Wesa",0.141975308641975,0.0573333787740476,0,162
"Jul_2025","Whale island/Uyombo",0.141975308641975,0.0599486552480913,0.0617283950617284,162
