"survey_period","site","mean_biomass_kg_ha","se_biomass_kg_ha","mean_abundance_ha","mean_richness","n_transects"
"Jul_2025","Richard Bennett",3085.14700586833,710.864400364788,12340,19.5,2
"Jul_2025","Roka 1",31.401885052293,5.98333802092159,2280,10,2
"Jul_2025","Roka 2",121.201363887988,21.7148946433073,4880,13,2
"Jul_2025","Turtle Reef",541.065533569583,416.007780256296,6780,14,2
"Jul_2025","Uyombo",328.450507881253,164.54747301794,6980,14.5,2
"Jul_2025","Watamu Coral Garden",1074.55745243291,11.9272144869341,5880,19,2
"Jul_2025","Wesa 1",96.6184403714162,22.6405435302113,4640,12.5,2
"Jul_2025","Wesa 2",152.331724709463,36.8430895533193,4700,11,2
