"survey_period","site","mean_biomass_kg_ha","se_biomass_kg_ha","mean_abundance_ha","mean_richness","n_transects"
"Jul_2025","Roka 2",116.969139002862,25.0102750006633,4500,12,2
"Jul_2025","Wesa 1",89.0137883205659,15.0358914793611,4040,12,2
"Jul_2025","Wesa 2",1.99488279762611,1.85103828041305,220,1,2
"Nov_2024","Kuruwitu Community Park",99.6065349205893,53.6692481955642,2940,11.5,2
"Nov_2024","Ngololo",22.0984824719493,3.08690699954163,1720,6,2
"Nov_2024","Roka 2",233.938278005724,50.0205500013266,9000,12,2
"Nov_2024","Wesa 1",178.027576641132,30.0717829587222,8080,12,2
