site,asset_id,area_ha,mean_rh100,mean_L4A_agbd,mean_L4A_agbd_se,mean_L2B_cover,mean_L2B_pai,mean_L4A_carbono_mgha,point_count,ci_canopy_height,ci_canopy_cover,ci_agbd,ci_pai,condition_index_composite,gedi_confidence
Morrumbene,1,512.1484932578019,5.156823529,11.26283781,15.14153741,0.045809452,0.115193118,5.293533731,85,0.17973529408333336,0,0.06592460852631579,0.0334323682051282,0.06977306770369433,HIGH
Morrumbene,2,447.8275233233908,5.294947368,10.78988802,14.01217555,0.051245643,0.124254032,5.071247347,95,0.19124561399999998,0,0.06094618968421052,0.03807899076923077,0.07256769861336032,HIGH
Morrumbene,3,108.78261041880727,5.771333333,10.20641909,9.594597053,0.049061148,0.125484245,4.797017013,15,0.2309444444166667,0,0.05480441147368422,0.038709869230769224,0.08111468128028004,MEDIUM
