site,asset_id,area_ha,carbon_density_mgc_ha,carbon_stock_mgc_total,carbon_stock_mgco2_total,point_count,gedi_confidence
Morrumbene,1,512.1484932578019,5.293533731,2711.0753243410004,9933.379988385426,85,HIGH
Morrumbene,2,447.8275233233908,5.071247347,2271.044139567326,8321.105727374683,95,HIGH
Morrumbene,3,108.78261041880727,4.797017013,521.8320328975694,1911.9925685366945,15,MEDIUM
