Shape_Leng,Asset_ID,BUFF_DIST,Shape_Length,Shape_Area,mean_rh100,mean_L4A_agbd,mean_L4A_agbd_se,mean_L2B_cover,mean_L2B_pai,mean_L4A_carbono_mgha,Point_Count
0.261599988,1,25,0.145033936,0.000503836,5.156823529,11.26283781,15.14153741,0.045809452,0.115193118,5.293533731,85
0.236200002,2,25,0.141991596,0.000440559,5.294947368,10.78988802,14.01217555,0.051245643,0.124254032,5.071247347,95
0.106800006,3,25,0.072653406,0.000107017,5.771333333,10.20641909,9.594597053,0.049061148,0.125484245,4.797017013,15
