ClassID,FREQUENCY,SUM_area_ha
1.000000000000000,349,6083.036335155445158
