DN,FREQUENCY,SUM_area_ha
3.000000000000000,914,5741.640000000063992
